chemin, class, classe_LOC, classe_CLOC, classe_DC, WMC, classe_BC
java\module-info.java,module-info.java,43,3,0.06976744186046512,0,Infinity
java\org\jfree\chart\annotations\AbstractAnnotation.java,AbstractAnnotation.java,198,130,0.6565656565656566,17,0.038621509209744505
java\org\jfree\chart\annotations\AbstractXYAnnotation.java,AbstractXYAnnotation.java,186,109,0.5860215053763441,16,0.03662634408602151
java\org\jfree\chart\annotations\Annotation.java,Annotation.java,57,50,0.8771929824561403,1,0.8771929824561403
java\org\jfree\chart\annotations\CategoryAnnotation.java,CategoryAnnotation.java,60,50,0.8333333333333334,1,0.8333333333333334
java\org\jfree\chart\annotations\CategoryLineAnnotation.java,CategoryLineAnnotation.java,390,192,0.49230769230769234,28,0.017582417582417582
java\org\jfree\chart\annotations\CategoryPointerAnnotation.java,CategoryPointerAnnotation.java,480,243,0.50625,39,0.01298076923076923
java\org\jfree\chart\annotations\CategoryTextAnnotation.java,CategoryTextAnnotation.java,246,123,0.5,20,0.025
java\org\jfree\chart\annotations\package-info.java,package-info.java,4,3,0.75,0,Infinity
java\org\jfree\chart\annotations\TextAnnotation.java,TextAnnotation.java,314,177,0.5636942675159236,29,0.019437733362618052
java\org\jfree\chart\annotations\XYAnnotation.java,XYAnnotation.java,64,53,0.828125,1,0.828125
java\org\jfree\chart\annotations\XYAnnotationBoundsInfo.java,XYAnnotationBoundsInfo.java,64,57,0.890625,1,0.890625
java\org\jfree\chart\annotations\XYBoxAnnotation.java,XYBoxAnnotation.java,342,166,0.4853801169590643,29,0.016737245412381526
java\org\jfree\chart\annotations\XYDataImageAnnotation.java,XYDataImageAnnotation.java,335,176,0.5253731343283582,27,0.019458264234383637
java\org\jfree\chart\annotations\XYDrawableAnnotation.java,XYDrawableAnnotation.java,270,128,0.4740740740740741,23,0.020611916264090178
java\org\jfree\chart\annotations\XYImageAnnotation.java,XYImageAnnotation.java,272,138,0.5073529411764706,21,0.024159663865546216
java\org\jfree\chart\annotations\XYLineAnnotation.java,XYLineAnnotation.java,331,151,0.4561933534743202,26,0.01754589821055078
java\org\jfree\chart\annotations\XYPointerAnnotation.java,XYPointerAnnotation.java,494,242,0.4898785425101215,41,0.011948257134393207
java\org\jfree\chart\annotations\XYPolygonAnnotation.java,XYPolygonAnnotation.java,321,150,0.4672897196261682,27,0.017307026652821047
java\org\jfree\chart\annotations\XYShapeAnnotation.java,XYShapeAnnotation.java,272,120,0.4411764705882353,20,0.022058823529411763
java\org\jfree\chart\annotations\XYTextAnnotation.java,XYTextAnnotation.java,583,301,0.516295025728988,54,0.00956101899498126
java\org\jfree\chart\annotations\XYTitleAnnotation.java,XYTitleAnnotation.java,359,147,0.40947075208913647,37,0.011066777083490175
java\org\jfree\chart\api\HorizontalAlignment.java,HorizontalAlignment.java,48,42,0.875,1,0.875
java\org\jfree\chart\api\Layer.java,Layer.java,37,32,0.8648648648648649,1,0.8648648648648649
java\org\jfree\chart\api\LengthAdjustmentType.java,LengthAdjustmentType.java,47,41,0.8723404255319149,1,0.8723404255319149
java\org\jfree\chart\api\package-info.java,package-info.java,4,3,0.75,1,0.75
java\org\jfree\chart\api\PublicCloneable.java,PublicCloneable.java,53,48,0.9056603773584906,1,0.9056603773584906
java\org\jfree\chart\api\RectangleAlignment.java,RectangleAlignment.java,128,48,0.375,14,0.026785714285714284
java\org\jfree\chart\api\RectangleAnchor.java,RectangleAnchor.java,152,57,0.375,21,0.017857142857142856
java\org\jfree\chart\api\RectangleEdge.java,RectangleEdge.java,107,65,0.6074766355140186,13,0.04672897196261682
java\org\jfree\chart\api\RectangleInsets.java,RectangleInsets.java,483,238,0.4927536231884058,54,0.00912506709608159
java\org\jfree\chart\api\Rotation.java,Rotation.java,67,55,0.8208955223880597,2,0.41044776119402987
java\org\jfree\chart\api\SortOrder.java,SortOrder.java,44,39,0.8863636363636364,1,0.8863636363636364
java\org\jfree\chart\api\TableOrder.java,TableOrder.java,44,39,0.8863636363636364,1,0.8863636363636364
java\org\jfree\chart\api\UnitType.java,UnitType.java,44,39,0.8863636363636364,1,0.8863636363636364
java\org\jfree\chart\api\VerticalAlignment.java,VerticalAlignment.java,48,42,0.875,1,0.875
java\org\jfree\chart\api\XYCoordinateType.java,XYCoordinateType.java,53,47,0.8867924528301887,1,0.8867924528301887
java\org\jfree\chart\axis\Axis.java,Axis.java,1536,748,0.4869791666666667,165,0.002951388888888889
java\org\jfree\chart\axis\AxisCollection.java,AxisCollection.java,127,78,0.6141732283464567,11,0.05583392984967788
java\org\jfree\chart\axis\AxisLabelLocation.java,AxisLabelLocation.java,47,41,0.8723404255319149,1,0.8723404255319149
java\org\jfree\chart\axis\AxisLocation.java,AxisLocation.java,81,55,0.6790123456790124,7,0.09700176366843034
java\org\jfree\chart\axis\AxisSpace.java,AxisSpace.java,342,153,0.4473684210526316,44,0.010167464114832535
java\org\jfree\chart\axis\AxisState.java,AxisState.java,175,109,0.6228571428571429,18,0.03460317460317461
java\org\jfree\chart\axis\CategoryAnchor.java,CategoryAnchor.java,48,42,0.875,1,0.875
java\org\jfree\chart\axis\CategoryAxis.java,CategoryAxis.java,1296,571,0.44058641975308643,127,0.0034691844075046174
java\org\jfree\chart\axis\CategoryLabelPosition.java,CategoryLabelPosition.java,229,130,0.5676855895196506,21,0.027032647119983363
java\org\jfree\chart\axis\CategoryLabelPositions.java,CategoryLabelPositions.java,366,169,0.46174863387978143,27,0.01710180125480672
java\org\jfree\chart\axis\CategoryLabelWidthType.java,CategoryLabelWidthType.java,45,40,0.8888888888888888,1,0.8888888888888888
java\org\jfree\chart\axis\CategoryTick.java,CategoryTick.java,132,77,0.5833333333333334,12,0.04861111111111111
java\org\jfree\chart\axis\CompassFormat.java,CompassFormat.java,140,92,0.6571428571428571,11,0.05974025974025974
java\org\jfree\chart\axis\CyclicNumberAxis.java,CyclicNumberAxis.java,1048,395,0.37690839694656486,106,0.0035557395938355177
java\org\jfree\chart\axis\DateAxis.java,DateAxis.java,1670,608,0.36407185628742517,159,0.002289760102436636
java\org\jfree\chart\axis\DateTick.java,DateTick.java,120,78,0.65,9,0.07222222222222223
java\org\jfree\chart\axis\DateTickMarkPosition.java,DateTickMarkPosition.java,53,47,0.8867924528301887,1,0.8867924528301887
java\org\jfree\chart\axis\DateTickUnit.java,DateTickUnit.java,317,177,0.5583596214511041,32,0.017448738170347002
java\org\jfree\chart\axis\DateTickUnitType.java,DateTickUnitType.java,74,56,0.7567567567567568,2,0.3783783783783784
java\org\jfree\chart\axis\ExtendedCategoryAxis.java,ExtendedCategoryAxis.java,230,124,0.5391304347826087,21,0.02567287784679089
java\org\jfree\chart\axis\LogarithmicAxis.java,LogarithmicAxis.java,951,456,0.4794952681388013,114,0.004206098843322818
java\org\jfree\chart\axis\LogAxis.java,LogAxis.java,965,403,0.41761658031088084,91,0.00458919319022946
java\org\jfree\chart\axis\LogTick.java,LogTick.java,72,58,0.8055555555555556,3,0.26851851851851855
java\org\jfree\chart\axis\MarkerAxisBand.java,MarkerAxisBand.java,242,109,0.45041322314049587,17,0.026494895478852698
java\org\jfree\chart\axis\ModuloAxis.java,ModuloAxis.java,398,187,0.46984924623115576,35,0.013424264178033022
java\org\jfree\chart\axis\MonthDateFormat.java,MonthDateFormat.java,230,132,0.5739130434782609,19,0.030205949656750573
java\org\jfree\chart\axis\NumberAxis.java,NumberAxis.java,1024,430,0.419921875,111,0.003783079954954955
java\org\jfree\chart\axis\NumberTick.java,NumberTick.java,84,65,0.7738095238095238,4,0.19345238095238096
java\org\jfree\chart\axis\NumberTickUnit.java,NumberTickUnit.java,139,84,0.60431654676259,12,0.050359712230215826
java\org\jfree\chart\axis\NumberTickUnitSource.java,NumberTickUnitSource.java,214,57,0.26635514018691586,35,0.00761014686248331
java\org\jfree\chart\axis\package-info.java,package-info.java,4,3,0.75,0,Infinity
java\org\jfree\chart\axis\PeriodAxis.java,PeriodAxis.java,1098,429,0.3907103825136612,113,0.003457614004545674
java\org\jfree\chart\axis\PeriodAxisLabelInfo.java,PeriodAxisLabelInfo.java,320,162,0.50625,31,0.016330645161290323
java\org\jfree\chart\axis\QuarterDateFormat.java,QuarterDateFormat.java,177,96,0.5423728813559322,16,0.03389830508474576
java\org\jfree\chart\axis\StandardTickUnitSource.java,StandardTickUnitSource.java,119,80,0.6722689075630253,8,0.08403361344537816
java\org\jfree\chart\axis\SubCategoryAxis.java,SubCategoryAxis.java,397,165,0.4156171284634761,41,0.010137003133255515
java\org\jfree\chart\axis\SymbolAxis.java,SymbolAxis.java,681,262,0.38472834067547723,60,0.006412139011257954
java\org\jfree\chart\axis\Tick.java,Tick.java,157,92,0.5859872611464968,15,0.03906581740976645
java\org\jfree\chart\axis\TickType.java,TickType.java,45,40,0.8888888888888888,1,0.8888888888888888
java\org\jfree\chart\axis\TickUnit.java,TickUnit.java,167,103,0.6167664670658682,16,0.038547904191616765
java\org\jfree\chart\axis\TickUnits.java,TickUnits.java,195,123,0.6307692307692307,15,0.04205128205128205
java\org\jfree\chart\axis\TickUnitSource.java,TickUnitSource.java,74,68,0.918918918918919,1,0.918918918918919
java\org\jfree\chart\axis\Timeline.java,Timeline.java,133,122,0.9172932330827067,1,0.9172932330827067
java\org\jfree\chart\axis\ValueAxis.java,ValueAxis.java,1523,756,0.4963887065003283,169,0.002937211281067031
java\org\jfree\chart\axis\ValueTick.java,ValueTick.java,123,81,0.6585365853658537,10,0.06585365853658537
java\org\jfree\chart\block\AbstractBlock.java,AbstractBlock.java,585,326,0.5572649572649573,42,0.013268213268213268
java\org\jfree\chart\block\Arrangement.java,Arrangement.java,68,61,0.8970588235294118,1,0.8970588235294118
java\org\jfree\chart\block\Block.java,Block.java,101,88,0.8712871287128713,1,0.8712871287128713
java\org\jfree\chart\block\BlockBorder.java,BlockBorder.java,214,113,0.5280373831775701,19,0.02779144121987211
java\org\jfree\chart\block\BlockContainer.java,BlockContainer.java,254,128,0.5039370078740157,28,0.017997750281214846
java\org\jfree\chart\block\BlockFrame.java,BlockFrame.java,60,51,0.85,1,0.85
java\org\jfree\chart\block\BlockParams.java,BlockParams.java,125,95,0.76,8,0.095
java\org\jfree\chart\block\BlockResult.java,BlockResult.java,72,57,0.7916666666666666,4,0.19791666666666666
java\org\jfree\chart\block\BorderArrangement.java,BorderArrangement.java,511,130,0.25440313111545987,76,0.0033474096199402614
java\org\jfree\chart\block\CenterArrangement.java,CenterArrangement.java,300,161,0.5366666666666666,27,0.019876543209876543
java\org\jfree\chart\block\ColorBlock.java,ColorBlock.java,175,103,0.5885714285714285,11,0.0535064935064935
java\org\jfree\chart\block\ColumnArrangement.java,ColumnArrangement.java,356,150,0.42134831460674155,38,0.011088113542282672
java\org\jfree\chart\block\EmptyBlock.java,EmptyBlock.java,111,78,0.7027027027027027,6,0.11711711711711713
java\org\jfree\chart\block\EntityBlockParams.java,EntityBlockParams.java,54,50,0.9259259259259259,1,0.9259259259259259
java\org\jfree\chart\block\EntityBlockResult.java,EntityBlockResult.java,53,48,0.9056603773584906,1,0.9056603773584906
java\org\jfree\chart\block\FlowArrangement.java,FlowArrangement.java,411,178,0.43309002433090027,41,0.01056317132514391
java\org\jfree\chart\block\GridArrangement.java,GridArrangement.java,408,166,0.4068627450980392,36,0.011301742919389977
java\org\jfree\chart\block\LabelBlock.java,LabelBlock.java,383,204,0.5326370757180157,36,0.014795474325500435
java\org\jfree\chart\block\LengthConstraintType.java,LengthConstraintType.java,52,46,0.8846153846153846,1,0.8846153846153846
java\org\jfree\chart\block\LineBorder.java,LineBorder.java,214,96,0.4485981308411215,19,0.023610427939006393
java\org\jfree\chart\block\package-info.java,package-info.java,4,3,0.75,0,Infinity
java\org\jfree\chart\block\RectangleConstraint.java,RectangleConstraint.java,320,171,0.534375,35,0.015267857142857144
java\org\jfree\chart\block\Size2D.java,Size2D.java,149,90,0.6040268456375839,17,0.035530990919857876
java\org\jfree\chart\ChartColor.java,ChartColor.java,149,79,0.5302013422818792,28,0.01893576222435283
java\org\jfree\chart\ChartElement.java,ChartElement.java,48,44,0.9166666666666666,1,0.9166666666666666
java\org\jfree\chart\ChartElementVisitor.java,ChartElementVisitor.java,47,43,0.9148936170212766,1,0.9148936170212766
java\org\jfree\chart\ChartFactory.java,ChartFactory.java,1870,877,0.46898395721925135,138,0.0033984344726032704
java\org\jfree\chart\ChartHints.java,ChartHints.java,93,68,0.7311827956989247,8,0.0913978494623656
java\org\jfree\chart\ChartRenderingInfo.java,ChartRenderingInfo.java,231,134,0.5800865800865801,21,0.027623170480313337
java\org\jfree\chart\ChartTheme.java,ChartTheme.java,51,47,0.9215686274509803,1,0.9215686274509803
java\org\jfree\chart\ChartTransferable.java,ChartTransferable.java,231,130,0.5627705627705628,14,0.04019789734075448
java\org\jfree\chart\ChartUtils.java,ChartUtils.java,630,395,0.626984126984127,33,0.018999518999519
java\org\jfree\chart\date\MonthConstants.java,MonthConstants.java,65,50,0.7692307692307693,1,0.7692307692307693
java\org\jfree\chart\date\package-info.java,package-info.java,4,3,0.75,0,Infinity
java\org\jfree\chart\date\SerialDate.java,SerialDate.java,856,501,0.5852803738317757,137,0.00427211951702026
java\org\jfree\chart\date\SpreadsheetDate.java,SpreadsheetDate.java,405,230,0.5679012345679012,34,0.01670297748729121
java\org\jfree\chart\Drawable.java,Drawable.java,43,37,0.8604651162790697,1,0.8604651162790697
java\org\jfree\chart\encoders\EncoderUtil.java,EncoderUtil.java,178,125,0.702247191011236,9,0.07802746566791512
java\org\jfree\chart\encoders\ImageEncoder.java,ImageEncoder.java,95,82,0.8631578947368421,1,0.8631578947368421
java\org\jfree\chart\encoders\ImageEncoderFactory.java,ImageEncoderFactory.java,143,91,0.6363636363636364,8,0.07954545454545454
java\org\jfree\chart\encoders\ImageFormat.java,ImageFormat.java,52,46,0.8846153846153846,2,0.4423076923076923
java\org\jfree\chart\encoders\package-info.java,package-info.java,4,3,0.75,0,Infinity
java\org\jfree\chart\encoders\SunJPEGEncoderAdapter.java,SunJPEGEncoderAdapter.java,156,97,0.6217948717948718,9,0.06908831908831908
java\org\jfree\chart\encoders\SunPNGEncoderAdapter.java,SunPNGEncoderAdapter.java,117,81,0.6923076923076923,7,0.0989010989010989
java\org\jfree\chart\entity\AxisEntity.java,AxisEntity.java,191,112,0.5863874345549738,15,0.03909249563699825
java\org\jfree\chart\entity\CategoryItemEntity.java,CategoryItemEntity.java,175,110,0.6285714285714286,15,0.0419047619047619
java\org\jfree\chart\entity\CategoryLabelEntity.java,CategoryLabelEntity.java,117,72,0.6153846153846154,9,0.06837606837606838
java\org\jfree\chart\entity\ChartEntity.java,ChartEntity.java,371,190,0.5121293800539084,34,0.015062628825114954
java\org\jfree\chart\entity\EntityCollection.java,EntityCollection.java,95,82,0.8631578947368421,1,0.8631578947368421
java\org\jfree\chart\entity\FlowEntity.java,FlowEntity.java,104,66,0.6346153846153846,8,0.07932692307692307
java\org\jfree\chart\entity\JFreeChartEntity.java,JFreeChartEntity.java,190,111,0.5842105263157895,15,0.03894736842105263
java\org\jfree\chart\entity\LegendItemEntity.java,LegendItemEntity.java,154,98,0.6363636363636364,14,0.045454545454545456
java\org\jfree\chart\entity\NodeEntity.java,NodeEntity.java,88,65,0.7386363636363636,5,0.14772727272727273
java\org\jfree\chart\entity\package-info.java,package-info.java,4,3,0.75,0,Infinity
java\org\jfree\chart\entity\PieSectionEntity.java,PieSectionEntity.java,211,130,0.6161137440758294,19,0.03242703916188576
java\org\jfree\chart\entity\PlotEntity.java,PlotEntity.java,190,111,0.5842105263157895,15,0.03894736842105263
java\org\jfree\chart\entity\StandardEntityCollection.java,StandardEntityCollection.java,190,104,0.5473684210526316,17,0.032198142414860687
java\org\jfree\chart\entity\TickLabelEntity.java,TickLabelEntity.java,57,47,0.8245614035087719,2,0.41228070175438597
java\org\jfree\chart\entity\TitleEntity.java,TitleEntity.java,190,111,0.5842105263157895,15,0.03894736842105263
java\org\jfree\chart\entity\XYAnnotationEntity.java,XYAnnotationEntity.java,101,66,0.6534653465346535,9,0.07260726072607261
java\org\jfree\chart\entity\XYItemEntity.java,XYItemEntity.java,153,97,0.6339869281045751,14,0.045284780578898225
java\org\jfree\chart\event\AnnotationChangeEvent.java,AnnotationChangeEvent.java,66,52,0.7878787878787878,3,0.2626262626262626
java\org\jfree\chart\event\AnnotationChangeListener.java,AnnotationChangeListener.java,50,44,0.88,1,0.88
java\org\jfree\chart\event\AxisChangeEvent.java,AxisChangeEvent.java,62,51,0.8225806451612904,3,0.2741935483870968
java\org\jfree\chart\event\AxisChangeListener.java,AxisChangeListener.java,55,50,0.9090909090909091,1,0.9090909090909091
java\org\jfree\chart\event\ChartChangeEvent.java,ChartChangeEvent.java,115,81,0.7043478260869566,8,0.08804347826086957
java\org\jfree\chart\event\ChartChangeEventType.java,ChartChangeEventType.java,47,41,0.8723404255319149,1,0.8723404255319149
java\org\jfree\chart\event\ChartChangeListener.java,ChartChangeListener.java,52,47,0.9038461538461539,1,0.9038461538461539
java\org\jfree\chart\event\ChartProgressEvent.java,ChartProgressEvent.java,115,80,0.6956521739130435,8,0.08695652173913043
java\org\jfree\chart\event\ChartProgressEventType.java,ChartProgressEventType.java,45,40,0.8888888888888888,1,0.8888888888888888
java\org\jfree\chart\event\ChartProgressListener.java,ChartProgressListener.java,49,44,0.8979591836734694,1,0.8979591836734694
java\org\jfree\chart\event\MarkerChangeEvent.java,MarkerChangeEvent.java,63,52,0.8253968253968254,3,0.2751322751322751
java\org\jfree\chart\event\MarkerChangeListener.java,MarkerChangeListener.java,50,44,0.88,1,0.88
java\org\jfree\chart\event\package-info.java,package-info.java,6,5,0.8333333333333334,0,Infinity
java\org\jfree\chart\event\PlotChangeEvent.java,PlotChangeEvent.java,64,52,0.8125,3,0.2708333333333333
java\org\jfree\chart\event\PlotChangeListener.java,PlotChangeListener.java,50,45,0.9,1,0.9
java\org\jfree\chart\event\RendererChangeEvent.java,RendererChangeEvent.java,87,68,0.7816091954022989,5,0.15632183908045977
java\org\jfree\chart\event\RendererChangeListener.java,RendererChangeListener.java,49,44,0.8979591836734694,1,0.8979591836734694
java\org\jfree\chart\event\TitleChangeEvent.java,TitleChangeEvent.java,61,49,0.8032786885245902,3,0.2677595628415301
java\org\jfree\chart\event\TitleChangeListener.java,TitleChangeListener.java,50,45,0.9,1,0.9
java\org\jfree\chart\imagemap\DynamicDriveToolTipTagFragmentGenerator.java,DynamicDriveToolTipTagFragmentGenerator.java,86,66,0.7674418604651163,4,0.19186046511627908
java\org\jfree\chart\imagemap\ImageMapUtils.java,ImageMapUtils.java,239,116,0.48535564853556484,21,0.023112173739788803
java\org\jfree\chart\imagemap\OverLIBToolTipTagFragmentGenerator.java,OverLIBToolTipTagFragmentGenerator.java,69,56,0.8115942028985508,3,0.2705314009661836
java\org\jfree\chart\imagemap\package-info.java,package-info.java,4,3,0.75,0,Infinity
java\org\jfree\chart\imagemap\StandardToolTipTagFragmentGenerator.java,StandardToolTipTagFragmentGenerator.java,65,53,0.8153846153846154,3,0.2717948717948718
java\org\jfree\chart\imagemap\StandardURLTagFragmentGenerator.java,StandardURLTagFragmentGenerator.java,66,55,0.8333333333333334,3,0.2777777777777778
java\org\jfree\chart\imagemap\ToolTipTagFragmentGenerator.java,ToolTipTagFragmentGenerator.java,61,57,0.9344262295081968,1,0.9344262295081968
java\org\jfree\chart\imagemap\URLTagFragmentGenerator.java,URLTagFragmentGenerator.java,62,54,0.8709677419354839,1,0.8709677419354839
java\org\jfree\chart\internal\Args.java,Args.java,114,80,0.7017543859649122,11,0.06379585326953748
java\org\jfree\chart\internal\ArrayUtils.java,ArrayUtils.java,188,82,0.43617021276595747,25,0.0174468085106383
java\org\jfree\chart\internal\CloneUtils.java,CloneUtils.java,174,85,0.4885057471264368,13,0.03757736516357206
java\org\jfree\chart\internal\HashUtils.java,HashUtils.java,192,127,0.6614583333333334,15,0.044097222222222225
java\org\jfree\chart\internal\LineUtils.java,LineUtils.java,151,68,0.4503311258278146,18,0.025018395879323033
java\org\jfree\chart\internal\package-info.java,package-info.java,4,3,0.75,1,0.75
java\org\jfree\chart\internal\PaintUtils.java,PaintUtils.java,201,84,0.417910447761194,24,0.017412935323383085
java\org\jfree\chart\internal\SerialUtils.java,SerialUtils.java,634,221,0.34858044164037855,65,0.005362776025236593
java\org\jfree\chart\internal\ShapeUtils.java,ShapeUtils.java,489,227,0.46421267893660534,45,0.010315837309702341
java\org\jfree\chart\JFreeChart.java,JFreeChart.java,1504,727,0.4833776595744681,170,0.0028433979974968712
java\org\jfree\chart\labels\AbstractCategoryItemLabelGenerator.java,AbstractCategoryItemLabelGenerator.java,286,151,0.527972027972028,20,0.026398601398601403
java\org\jfree\chart\labels\AbstractPieItemLabelGenerator.java,AbstractPieItemLabelGenerator.java,213,110,0.5164319248826291,18,0.028690662493479395
java\org\jfree\chart\labels\AbstractXYItemLabelGenerator.java,AbstractXYItemLabelGenerator.java,315,160,0.5079365079365079,26,0.019536019536019536
java\org\jfree\chart\labels\BoxAndWhiskerToolTipGenerator.java,BoxAndWhiskerToolTipGenerator.java,133,81,0.6090225563909775,8,0.07612781954887218
java\org\jfree\chart\labels\BoxAndWhiskerXYToolTipGenerator.java,BoxAndWhiskerXYToolTipGenerator.java,142,85,0.5985915492957746,9,0.06651017214397496
java\org\jfree\chart\labels\BubbleXYItemLabelGenerator.java,BubbleXYItemLabelGenerator.java,242,127,0.5247933884297521,20,0.026239669421487605
java\org\jfree\chart\labels\CategoryItemLabelGenerator.java,CategoryItemLabelGenerator.java,77,70,0.9090909090909091,1,0.9090909090909091
java\org\jfree\chart\labels\CategorySeriesLabelGenerator.java,CategorySeriesLabelGenerator.java,56,51,0.9107142857142857,1,0.9107142857142857
java\org\jfree\chart\labels\CategoryToolTipGenerator.java,CategoryToolTipGenerator.java,61,56,0.9180327868852459,1,0.9180327868852459
java\org\jfree\chart\labels\CrosshairLabelGenerator.java,CrosshairLabelGenerator.java,50,45,0.9,1,0.9
java\org\jfree\chart\labels\CustomXYToolTipGenerator.java,CustomXYToolTipGenerator.java,169,92,0.5443786982248521,17,0.03202227636616777
java\org\jfree\chart\labels\FlowLabelGenerator.java,FlowLabelGenerator.java,54,48,0.8888888888888888,1,0.8888888888888888
java\org\jfree\chart\labels\HighLowItemLabelGenerator.java,HighLowItemLabelGenerator.java,198,93,0.4696969696969697,22,0.02134986225895317
java\org\jfree\chart\labels\IntervalCategoryItemLabelGenerator.java,IntervalCategoryItemLabelGenerator.java,122,68,0.5573770491803278,10,0.05573770491803278
java\org\jfree\chart\labels\IntervalCategoryToolTipGenerator.java,IntervalCategoryToolTipGenerator.java,141,77,0.5460992907801419,14,0.03900709219858156
java\org\jfree\chart\labels\IntervalXYItemLabelGenerator.java,IntervalXYItemLabelGenerator.java,247,119,0.4817813765182186,22,0.021899153478100845
java\org\jfree\chart\labels\IntervalXYToolTipGenerator.java,IntervalXYToolTipGenerator.java,243,119,0.4897119341563786,22,0.02225963337074448
java\org\jfree\chart\labels\ItemLabelAnchor.java,ItemLabelAnchor.java,92,64,0.6956521739130435,1,0.6956521739130435
java\org\jfree\chart\labels\ItemLabelPosition.java,ItemLabelPosition.java,170,94,0.5529411764705883,16,0.03455882352941177
java\org\jfree\chart\labels\MultipleXYSeriesLabelGenerator.java,MultipleXYSeriesLabelGenerator.java,212,100,0.4716981132075472,18,0.02620545073375262
java\org\jfree\chart\labels\package-info.java,package-info.java,4,3,0.75,0,Infinity
java\org\jfree\chart\labels\PieSectionLabelGenerator.java,PieSectionLabelGenerator.java,85,74,0.8705882352941177,1,0.8705882352941177
java\org\jfree\chart\labels\PieToolTipGenerator.java,PieToolTipGenerator.java,54,49,0.9074074074074074,1,0.9074074074074074
java\org\jfree\chart\labels\StandardCategoryItemLabelGenerator.java,StandardCategoryItemLabelGenerator.java,133,86,0.6466165413533834,11,0.058783321941216674
java\org\jfree\chart\labels\StandardCategorySeriesLabelGenerator.java,StandardCategorySeriesLabelGenerator.java,144,87,0.6041666666666666,11,0.054924242424242424
java\org\jfree\chart\labels\StandardCategoryToolTipGenerator.java,StandardCategoryToolTipGenerator.java,119,76,0.6386554621848739,10,0.06386554621848739
java\org\jfree\chart\labels\StandardCrosshairLabelGenerator.java,StandardCrosshairLabelGenerator.java,137,80,0.583941605839416,12,0.048661800486618
java\org\jfree\chart\labels\StandardFlowLabelGenerator.java,StandardFlowLabelGenerator.java,115,68,0.591304347826087,9,0.06570048309178744
java\org\jfree\chart\labels\StandardPieSectionLabelGenerator.java,StandardPieSectionLabelGenerator.java,230,145,0.6304347826086957,17,0.0370843989769821
java\org\jfree\chart\labels\StandardPieToolTipGenerator.java,StandardPieToolTipGenerator.java,129,92,0.7131782945736435,9,0.07924203273040482
java\org\jfree\chart\labels\StandardXYItemLabelGenerator.java,StandardXYItemLabelGenerator.java,173,115,0.6647398843930635,14,0.047481420313790254
java\org\jfree\chart\labels\StandardXYSeriesLabelGenerator.java,StandardXYSeriesLabelGenerator.java,151,93,0.6158940397350994,11,0.055990367248645395
java\org\jfree\chart\labels\StandardXYToolTipGenerator.java,StandardXYToolTipGenerator.java,174,115,0.6609195402298851,14,0.04720853858784894
java\org\jfree\chart\labels\StandardXYZToolTipGenerator.java,StandardXYZToolTipGenerator.java,231,122,0.5281385281385281,19,0.027796764638869903
java\org\jfree\chart\labels\SymbolicXYItemLabelGenerator.java,SymbolicXYItemLabelGenerator.java,156,87,0.5576923076923077,12,0.046474358974358976
java\org\jfree\chart\labels\XYItemLabelGenerator.java,XYItemLabelGenerator.java,54,49,0.9074074074074074,1,0.9074074074074074
java\org\jfree\chart\labels\XYSeriesLabelGenerator.java,XYSeriesLabelGenerator.java,57,52,0.9122807017543859,1,0.9122807017543859
java\org\jfree\chart\labels\XYToolTipGenerator.java,XYToolTipGenerator.java,53,48,0.9056603773584906,1,0.9056603773584906
java\org\jfree\chart\labels\XYZToolTipGenerator.java,XYZToolTipGenerator.java,53,48,0.9056603773584906,1,0.9056603773584906
java\org\jfree\chart\legend\LegendGraphic.java,LegendGraphic.java,683,349,0.5109809663250366,70,0.007299728090357667
java\org\jfree\chart\legend\LegendItem.java,LegendItem.java,983,539,0.5483214649033571,83,0.006606282709679001
java\org\jfree\chart\legend\LegendItemBlockContainer.java,LegendItemBlockContainer.java,170,101,0.5941176470588235,12,0.049509803921568625
java\org\jfree\chart\legend\LegendItemCollection.java,LegendItemCollection.java,142,86,0.6056338028169014,13,0.04658721560130011
java\org\jfree\chart\legend\LegendItemSource.java,LegendItemSource.java,50,45,0.9,1,0.9
java\org\jfree\chart\legend\LegendRenderingOrder.java,LegendRenderingOrder.java,45,40,0.8888888888888888,1,0.8888888888888888
java\org\jfree\chart\legend\LegendTitle.java,LegendTitle.java,617,270,0.4376012965964344,67,0.006531362635767677
java\org\jfree\chart\legend\package-info.java,package-info.java,4,3,0.75,0,Infinity
java\org\jfree\chart\legend\PaintScaleLegend.java,PaintScaleLegend.java,662,271,0.4093655589123867,75,0.005458207452165156
java\org\jfree\chart\package-info.java,package-info.java,4,3,0.75,0,Infinity
java\org\jfree\chart\plot\CategoryCrosshairState.java,CategoryCrosshairState.java,157,93,0.5923566878980892,14,0.042311191992720654
java\org\jfree\chart\plot\CategoryMarker.java,CategoryMarker.java,174,105,0.603448275862069,17,0.035496957403651115
java\org\jfree\chart\plot\CategoryPlot.java,CategoryPlot.java,4523,2110,0.4665045323900066,519,8.9885266356456E-4
java\org\jfree\chart\plot\CenterTextMode.java,CenterTextMode.java,47,41,0.8723404255319149,1,0.8723404255319149
java\org\jfree\chart\plot\CombinedDomainCategoryPlot.java,CombinedDomainCategoryPlot.java,613,255,0.4159869494290375,67,0.006208760439239366
java\org\jfree\chart\plot\CombinedDomainXYPlot.java,CombinedDomainXYPlot.java,691,300,0.4341534008683068,76,0.005712544748267195
java\org\jfree\chart\plot\CombinedRangeCategoryPlot.java,CombinedRangeCategoryPlot.java,515,209,0.4058252427184466,56,0.007246879334257975
java\org\jfree\chart\plot\CombinedRangeXYPlot.java,CombinedRangeXYPlot.java,646,277,0.42879256965944273,70,0.006125608137992039
java\org\jfree\chart\plot\compass\ArrowNeedle.java,ArrowNeedle.java,156,78,0.5,12,0.041666666666666664
java\org\jfree\chart\plot\compass\CompassPlot.java,CompassPlot.java,776,338,0.43556701030927836,80,0.005444587628865979
java\org\jfree\chart\plot\compass\LineNeedle.java,LineNeedle.java,110,69,0.6272727272727273,7,0.08961038961038961
java\org\jfree\chart\plot\compass\LongNeedle.java,LongNeedle.java,161,74,0.45962732919254656,12,0.038302277432712216
java\org\jfree\chart\plot\compass\MeterNeedle.java,MeterNeedle.java,376,198,0.526595744680851,38,0.013857782754759237
java\org\jfree\chart\plot\compass\MiddlePinNeedle.java,MiddlePinNeedle.java,132,71,0.5378787878787878,9,0.05976430976430976
java\org\jfree\chart\plot\compass\package-info.java,package-info.java,4,3,0.75,0,Infinity
java\org\jfree\chart\plot\compass\PinNeedle.java,PinNeedle.java,130,71,0.5461538461538461,9,0.060683760683760676
java\org\jfree\chart\plot\compass\PlumNeedle.java,PlumNeedle.java,120,69,0.575,8,0.071875
java\org\jfree\chart\plot\compass\PointerNeedle.java,PointerNeedle.java,140,70,0.5,11,0.045454545454545456
java\org\jfree\chart\plot\compass\ShipNeedle.java,ShipNeedle.java,119,70,0.5882352941176471,8,0.07352941176470588
java\org\jfree\chart\plot\compass\WindNeedle.java,WindNeedle.java,109,65,0.5963302752293578,8,0.07454128440366972
java\org\jfree\chart\plot\Crosshair.java,Crosshair.java,674,377,0.5593471810089021,57,0.009813108438752669
java\org\jfree\chart\plot\CrosshairState.java,CrosshairState.java,324,215,0.6635802469135802,29,0.022882077479778627
java\org\jfree\chart\plot\DatasetRenderingOrder.java,DatasetRenderingOrder.java,60,55,0.9166666666666666,1,0.9166666666666666
java\org\jfree\chart\plot\DefaultDrawingSupplier.java,DefaultDrawingSupplier.java,463,187,0.4038876889848812,35,0.011539648256710892
java\org\jfree\chart\plot\dial\AbstractDialLayer.java,AbstractDialLayer.java,193,119,0.616580310880829,14,0.04404145077720207
java\org\jfree\chart\plot\dial\ArcDialFrame.java,ArcDialFrame.java,467,239,0.5117773019271948,41,0.012482373217736459
java\org\jfree\chart\plot\dial\DialBackground.java,DialBackground.java,242,142,0.5867768595041323,19,0.030882992605480646
java\org\jfree\chart\plot\dial\DialCap.java,DialCap.java,305,174,0.5704918032786885,26,0.02194199243379571
java\org\jfree\chart\plot\dial\DialFrame.java,DialFrame.java,59,52,0.8813559322033898,1,0.8813559322033898
java\org\jfree\chart\plot\dial\DialLayer.java,DialLayer.java,102,88,0.8627450980392157,1,0.8627450980392157
java\org\jfree\chart\plot\dial\DialLayerChangeEvent.java,DialLayerChangeEvent.java,62,50,0.8064516129032258,3,0.26881720430107525
java\org\jfree\chart\plot\dial\DialLayerChangeListener.java,DialLayerChangeListener.java,51,46,0.9019607843137255,1,0.9019607843137255
java\org\jfree\chart\plot\dial\DialPlot.java,DialPlot.java,752,379,0.5039893617021277,77,0.006545316385741918
java\org\jfree\chart\plot\dial\DialPointer.java,DialPointer.java,562,283,0.50355871886121,51,0.009873700369827647
java\org\jfree\chart\plot\dial\DialScale.java,DialScale.java,63,58,0.9206349206349206,1,0.9206349206349206
java\org\jfree\chart\plot\dial\DialTextAnnotation.java,DialTextAnnotation.java,361,202,0.5595567867036011,34,0.016457552550105916
java\org\jfree\chart\plot\dial\DialValueIndicator.java,DialValueIndicator.java,690,363,0.5260869565217391,75,0.007014492753623188
java\org\jfree\chart\plot\dial\package-info.java,package-info.java,4,3,0.75,0,Infinity
java\org\jfree\chart\plot\dial\StandardDialFrame.java,StandardDialFrame.java,322,173,0.5372670807453416,27,0.019898780768345985
java\org\jfree\chart\plot\dial\StandardDialRange.java,StandardDialRange.java,391,210,0.5370843989769821,40,0.013427109974424553
java\org\jfree\chart\plot\dial\StandardDialScale.java,StandardDialScale.java,918,501,0.545751633986928,97,0.0056263055050198765
java\org\jfree\chart\plot\DialShape.java,DialShape.java,48,42,0.875,1,0.875
java\org\jfree\chart\plot\DrawingSupplier.java,DrawingSupplier.java,88,76,0.8636363636363636,1,0.8636363636363636
java\org\jfree\chart\plot\FastScatterPlot.java,FastScatterPlot.java,974,467,0.4794661190965092,92,0.005211588251049013
java\org\jfree\chart\plot\flow\FlowPlot.java,FlowPlot.java,755,300,0.3973509933774834,77,0.005160402511395889
java\org\jfree\chart\plot\flow\package-info.java,package-info.java,4,3,0.75,0,Infinity
java\org\jfree\chart\plot\IntervalMarker.java,IntervalMarker.java,197,115,0.583756345177665,21,0.027797921198936426
java\org\jfree\chart\plot\Marker.java,Marker.java,603,335,0.5555555555555556,66,0.008417508417508417
java\org\jfree\chart\plot\MeterInterval.java,MeterInterval.java,198,109,0.5505050505050505,16,0.034406565656565656
java\org\jfree\chart\plot\MeterPlot.java,MeterPlot.java,1163,520,0.4471195184866724,113,0.003956809898112145
java\org\jfree\chart\plot\package-info.java,package-info.java,4,3,0.75,0,Infinity
java\org\jfree\chart\plot\Pannable.java,Pannable.java,80,69,0.8625,1,0.8625
java\org\jfree\chart\plot\pie\AbstractPieLabelDistributor.java,AbstractPieLabelDistributor.java,96,72,0.75,7,0.10714285714285714
java\org\jfree\chart\plot\pie\MultiplePiePlot.java,MultiplePiePlot.java,574,220,0.3832752613240418,59,0.006496190869899014
java\org\jfree\chart\plot\pie\package-info.java,package-info.java,4,3,0.75,0,Infinity
java\org\jfree\chart\plot\pie\PieLabelDistributor.java,PieLabelDistributor.java,198,93,0.4696969696969697,17,0.027629233511586453
java\org\jfree\chart\plot\pie\PieLabelLinkStyle.java,PieLabelLinkStyle.java,48,42,0.875,1,0.875
java\org\jfree\chart\plot\pie\PieLabelRecord.java,PieLabelRecord.java,253,139,0.549407114624506,30,0.018313570487483534
java\org\jfree\chart\plot\pie\PiePlot.java,PiePlot.java,2921,1376,0.47107155083875385,274,0.0017192392366377877
java\org\jfree\chart\plot\pie\PiePlotState.java,PiePlotState.java,239,158,0.6610878661087866,22,0.0300494484594903
java\org\jfree\chart\plot\Plot.java,Plot.java,1319,668,0.5064442759666414,174,0.0029105992871646057
java\org\jfree\chart\plot\PlotOrientation.java,PlotOrientation.java,65,54,0.8307692307692308,3,0.27692307692307694
java\org\jfree\chart\plot\PlotRenderingInfo.java,PlotRenderingInfo.java,264,147,0.5568181818181818,22,0.0253099173553719
java\org\jfree\chart\plot\PlotState.java,PlotState.java,61,47,0.7704918032786885,3,0.2568306010928962
java\org\jfree\chart\plot\PolarAxisLocation.java,PolarAxisLocation.java,62,51,0.8225806451612904,1,0.8225806451612904
java\org\jfree\chart\plot\PolarPlot.java,PolarPlot.java,1841,854,0.46387832699619774,200,0.002319391634980989
java\org\jfree\chart\plot\RingPlot.java,RingPlot.java,630,302,0.4793650793650794,59,0.008124831853645414
java\org\jfree\chart\plot\SeriesRenderingOrder.java,SeriesRenderingOrder.java,58,53,0.9137931034482759,1,0.9137931034482759
java\org\jfree\chart\plot\SpiderWebPlot.java,SpiderWebPlot.java,1281,605,0.4722872755659641,135,0.003498424263451586
java\org\jfree\chart\plot\ThermometerPlot.java,ThermometerPlot.java,1444,682,0.47229916897506924,155,0.003047091412742382
java\org\jfree\chart\plot\ValueAxisPlot.java,ValueAxisPlot.java,53,47,0.8867924528301887,1,0.8867924528301887
java\org\jfree\chart\plot\ValueMarker.java,ValueMarker.java,135,92,0.6814814814814815,12,0.056790123456790124
java\org\jfree\chart\plot\WaferMapPlot.java,WaferMapPlot.java,389,156,0.40102827763496146,37,0.010838602098242202
java\org\jfree\chart\plot\XYCrosshairState.java,XYCrosshairState.java,52,46,0.8846153846153846,2,0.4423076923076923
java\org\jfree\chart\plot\XYPlot.java,XYPlot.java,4981,2259,0.4535233888777354,577,7.860024070671324E-4
java\org\jfree\chart\plot\Zoomable.java,Zoomable.java,151,133,0.8807947019867549,1,0.8807947019867549
java\org\jfree\chart\renderer\AbstractRenderer.java,AbstractRenderer.java,2774,1539,0.5547945205479452,347,0.0015988314713197267
java\org\jfree\chart\renderer\AreaRendererEndType.java,AreaRendererEndType.java,58,52,0.896551724137931,1,0.896551724137931
java\org\jfree\chart\renderer\category\AbstractCategoryItemRenderer.java,AbstractCategoryItemRenderer.java,1542,618,0.40077821011673154,155,0.0025856658717208487
java\org\jfree\chart\renderer\category\AreaRenderer.java,AreaRenderer.java,299,107,0.35785953177257523,35,0.010224558050645007
java\org\jfree\chart\renderer\category\BarPainter.java,BarPainter.java,84,73,0.8690476190476191,1,0.8690476190476191
java\org\jfree\chart\renderer\category\BarRenderer.java,BarRenderer.java,1200,521,0.43416666666666665,129,0.0033656330749354
java\org\jfree\chart\renderer\category\BoxAndWhiskerRenderer.java,BoxAndWhiskerRenderer.java,1012,419,0.4140316205533597,108,0.003833626116234812
java\org\jfree\chart\renderer\category\CategoryItemRenderer.java,CategoryItemRenderer.java,1439,1269,0.881862404447533,33,0.02672310316507676
java\org\jfree\chart\renderer\category\CategoryItemRendererState.java,CategoryItemRendererState.java,186,122,0.6559139784946236,15,0.04372759856630824
java\org\jfree\chart\renderer\category\CategoryStepRenderer.java,CategoryStepRenderer.java,324,154,0.47530864197530864,33,0.01440329218106996
java\org\jfree\chart\renderer\category\DefaultCategoryItemRenderer.java,DefaultCategoryItemRenderer.java,52,45,0.8653846153846154,1,0.8653846153846154
java\org\jfree\chart\renderer\category\GanttRenderer.java,GanttRenderer.java,555,205,0.36936936936936937,51,0.00724253665430136
java\org\jfree\chart\renderer\category\GradientBarPainter.java,GradientBarPainter.java,340,126,0.37058823529411766,33,0.011229946524064172
java\org\jfree\chart\renderer\category\GroupedStackedBarRenderer.java,GroupedStackedBarRenderer.java,332,114,0.3433734939759036,30,0.01144578313253012
java\org\jfree\chart\renderer\category\IntervalBarRenderer.java,IntervalBarRenderer.java,220,103,0.4681818181818182,20,0.02340909090909091
java\org\jfree\chart\renderer\category\LayeredBarRenderer.java,LayeredBarRenderer.java,428,147,0.34345794392523366,69,0.0049776513612352705
java\org\jfree\chart\renderer\category\LevelRenderer.java,LevelRenderer.java,403,182,0.45161290322580644,34,0.013282732447817837
java\org\jfree\chart\renderer\category\LineAndShapeRenderer.java,LineAndShapeRenderer.java,774,396,0.5116279069767442,83,0.006164191650322219
java\org\jfree\chart\renderer\category\MinMaxCategoryRenderer.java,MinMaxCategoryRenderer.java,493,226,0.45841784989858014,45,0.01018706333107956
java\org\jfree\chart\renderer\category\package-info.java,package-info.java,4,3,0.75,0,Infinity
java\org\jfree\chart\renderer\category\ScatterRenderer.java,ScatterRenderer.java,534,265,0.49625468164794007,50,0.009925093632958801
java\org\jfree\chart\renderer\category\StackedAreaRenderer.java,StackedAreaRenderer.java,438,156,0.3561643835616438,37,0.009626064420584968
java\org\jfree\chart\renderer\category\StackedBarRenderer.java,StackedBarRenderer.java,346,131,0.3786127167630058,39,0.00970801837853861
java\org\jfree\chart\renderer\category\StandardBarPainter.java,StandardBarPainter.java,202,96,0.4752475247524752,23,0.020662935858803272
java\org\jfree\chart\renderer\category\StatisticalBarRenderer.java,StatisticalBarRenderer.java,518,186,0.3590733590733591,59,0.006085989136836594
java\org\jfree\chart\renderer\category\StatisticalLineAndShapeRenderer.java,StatisticalLineAndShapeRenderer.java,426,158,0.37089201877934275,50,0.007417840375586855
java\org\jfree\chart\renderer\category\WaterfallBarRenderer.java,WaterfallBarRenderer.java,429,169,0.3939393939393939,42,0.00937950937950938
java\org\jfree\chart\renderer\DefaultPolarItemRenderer.java,DefaultPolarItemRenderer.java,840,354,0.42142857142857143,83,0.0050774526678141136
java\org\jfree\chart\renderer\GrayPaintScale.java,GrayPaintScale.java,203,121,0.5960591133004927,18,0.033114395183360706
java\org\jfree\chart\renderer\LookupPaintScale.java,LookupPaintScale.java,344,165,0.4796511627906977,36,0.013323643410852714
java\org\jfree\chart\renderer\NotOutlierException.java,NotOutlierException.java,57,51,0.8947368421052632,2,0.4473684210526316
java\org\jfree\chart\renderer\Outlier.java,Outlier.java,196,126,0.6428571428571429,18,0.03571428571428572
java\org\jfree\chart\renderer\OutlierList.java,OutlierList.java,156,107,0.6858974358974359,11,0.06235431235431235
java\org\jfree\chart\renderer\OutlierListCollection.java,OutlierListCollection.java,157,108,0.6878980891719745,11,0.06253618992472496
java\org\jfree\chart\renderer\package-info.java,package-info.java,4,3,0.75,0,Infinity
java\org\jfree\chart\renderer\PaintScale.java,PaintScale.java,73,65,0.8904109589041096,1,0.8904109589041096
java\org\jfree\chart\renderer\PolarItemRenderer.java,PolarItemRenderer.java,182,147,0.8076923076923077,1,0.8076923076923077
java\org\jfree\chart\renderer\RendererState.java,RendererState.java,103,72,0.6990291262135923,8,0.08737864077669903
java\org\jfree\chart\renderer\RendererUtils.java,RendererUtils.java,247,94,0.3805668016194332,36,0.010571300044984255
java\org\jfree\chart\renderer\WaferMapRenderer.java,WaferMapRenderer.java,344,145,0.42151162790697677,34,0.012397400820793434
java\org\jfree\chart\renderer\xy\AbstractXYItemRenderer.java,AbstractXYItemRenderer.java,1524,552,0.36220472440944884,146,0.002480854276777047
java\org\jfree\chart\renderer\xy\CandlestickRenderer.java,CandlestickRenderer.java,818,390,0.4767726161369193,76,0.006273323896538412
java\org\jfree\chart\renderer\xy\ClusteredXYBarRenderer.java,ClusteredXYBarRenderer.java,328,131,0.39939024390243905,31,0.012883556254917388
java\org\jfree\chart\renderer\xy\CyclicXYItemRenderer.java,CyclicXYItemRenderer.java,437,188,0.4302059496567506,52,0.008273191339552895
java\org\jfree\chart\renderer\xy\DefaultXYItemRenderer.java,DefaultXYItemRenderer.java,52,46,0.8846153846153846,1,0.8846153846153846
java\org\jfree\chart\renderer\xy\DeviationRenderer.java,DeviationRenderer.java,342,174,0.5087719298245614,30,0.016959064327485382
java\org\jfree\chart\renderer\xy\DeviationStepRenderer.java,DeviationStepRenderer.java,282,109,0.38652482269503546,31,0.01246854266758179
java\org\jfree\chart\renderer\xy\GradientXYBarPainter.java,GradientXYBarPainter.java,339,125,0.3687315634218289,33,0.011173683740055422
java\org\jfree\chart\renderer\xy\HighLowRenderer.java,HighLowRenderer.java,448,206,0.45982142857142855,47,0.009783434650455926
java\org\jfree\chart\renderer\xy\package-info.java,package-info.java,4,3,0.75,0,Infinity
java\org\jfree\chart\renderer\xy\SamplingXYLineRenderer.java,SamplingXYLineRenderer.java,333,163,0.4894894894894895,25,0.01957957957957958
java\org\jfree\chart\renderer\xy\StackedXYAreaRenderer.java,StackedXYAreaRenderer.java,609,274,0.44991789819376027,61,0.007375703249078037
java\org\jfree\chart\renderer\xy\StackedXYAreaRenderer2.java,StackedXYAreaRenderer2.java,493,170,0.3448275862068966,40,0.008620689655172414
java\org\jfree\chart\renderer\xy\StackedXYBarRenderer.java,StackedXYBarRenderer.java,374,150,0.40106951871657753,44,0.009115216334467671
java\org\jfree\chart\renderer\xy\StandardXYBarPainter.java,StandardXYBarPainter.java,202,96,0.4752475247524752,23,0.020662935858803272
java\org\jfree\chart\renderer\xy\StandardXYItemRenderer.java,StandardXYItemRenderer.java,902,436,0.48337028824833705,106,0.004560097058946576
java\org\jfree\chart\renderer\xy\VectorRenderer.java,VectorRenderer.java,314,108,0.34394904458598724,23,0.014954306286347271
java\org\jfree\chart\renderer\xy\WindItemRenderer.java,WindItemRenderer.java,157,73,0.46496815286624205,4,0.11624203821656051
java\org\jfree\chart\renderer\xy\XYAreaRenderer.java,XYAreaRenderer.java,649,265,0.4083204930662558,81,0.005040993741558713
java\org\jfree\chart\renderer\xy\XYAreaRenderer2.java,XYAreaRenderer2.java,392,159,0.40561224489795916,32,0.012675382653061224
java\org\jfree\chart\renderer\xy\XYBarPainter.java,XYBarPainter.java,80,69,0.8625,1,0.8625
java\org\jfree\chart\renderer\xy\XYBarRenderer.java,XYBarRenderer.java,1084,463,0.42712177121771217,124,0.003444530413046066
java\org\jfree\chart\renderer\xy\XYBlockRenderer.java,XYBlockRenderer.java,484,228,0.47107438016528924,50,0.009421487603305785
java\org\jfree\chart\renderer\xy\XYBoxAndWhiskerRenderer.java,XYBoxAndWhiskerRenderer.java,733,301,0.4106412005457026,66,0.006221836371904585
java\org\jfree\chart\renderer\xy\XYBubbleRenderer.java,XYBubbleRenderer.java,311,119,0.38263665594855306,36,0.010628795998570919
java\org\jfree\chart\renderer\xy\XYDifferenceRenderer.java,XYDifferenceRenderer.java,1057,354,0.33491012298959316,104,0.0032202896441307035
java\org\jfree\chart\renderer\xy\XYDotRenderer.java,XYDotRenderer.java,336,167,0.49702380952380953,31,0.016033026113671276
java\org\jfree\chart\renderer\xy\XYErrorRenderer.java,XYErrorRenderer.java,415,204,0.491566265060241,36,0.013654618473895583
java\org\jfree\chart\renderer\xy\XYItemRenderer.java,XYItemRenderer.java,1327,1158,0.8726450640542577,25,0.03490580256217031
java\org\jfree\chart\renderer\xy\XYItemRendererState.java,XYItemRendererState.java,182,145,0.7967032967032966,9,0.08852258852258851
java\org\jfree\chart\renderer\xy\XYLineAndShapeRenderer.java,XYLineAndShapeRenderer.java,1078,559,0.5185528756957328,102,0.005083851722507185
java\org\jfree\chart\renderer\xy\XYShapeRenderer.java,XYShapeRenderer.java,562,292,0.5195729537366548,53,0.009803263278050091
java\org\jfree\chart\renderer\xy\XYSplineRenderer.java,XYSplineRenderer.java,463,210,0.4535637149028078,39,0.011629838843661738
java\org\jfree\chart\renderer\xy\XYStepAreaRenderer.java,XYStepAreaRenderer.java,565,272,0.4814159292035398,65,0.00740639891082369
java\org\jfree\chart\renderer\xy\XYStepRenderer.java,XYStepRenderer.java,316,152,0.4810126582278481,28,0.017179023508137433
java\org\jfree\chart\renderer\xy\YIntervalRenderer.java,YIntervalRenderer.java,277,135,0.48736462093862815,20,0.024368231046931407
java\org\jfree\chart\StandardChartTheme.java,StandardChartTheme.java,1644,697,0.4239659367396594,164,0.0025851581508515814
java\org\jfree\chart\swing\AbstractOverlay.java,AbstractOverlay.java,101,69,0.6831683168316832,8,0.0853960396039604
java\org\jfree\chart\swing\ApplicationFrame.java,ApplicationFrame.java,114,79,0.6929824561403509,12,0.05774853801169591
java\org\jfree\chart\swing\ChartFrame.java,ChartFrame.java,83,58,0.6987951807228916,5,0.13975903614457832
java\org\jfree\chart\swing\ChartMouseEvent.java,ChartMouseEvent.java,96,68,0.7083333333333334,6,0.11805555555555557
java\org\jfree\chart\swing\ChartMouseListener.java,ChartMouseListener.java,59,52,0.8813559322033898,1,0.8813559322033898
java\org\jfree\chart\swing\ChartPanel.java,ChartPanel.java,2750,1190,0.43272727272727274,360,0.001202020202020202
java\org\jfree\chart\swing\CrosshairOverlay.java,CrosshairOverlay.java,567,173,0.30511463844797176,74,0.0041231707898374565
java\org\jfree\chart\swing\DefaultSelectionZoomStrategy.java,DefaultSelectionZoomStrategy.java,239,83,0.3472803347280335,27,0.012862234619556797
java\org\jfree\chart\swing\editor\ChartEditor.java,ChartEditor.java,52,46,0.8846153846153846,1,0.8846153846153846
java\org\jfree\chart\swing\editor\ChartEditorFactory.java,ChartEditorFactory.java,50,45,0.9,1,0.9
java\org\jfree\chart\swing\editor\ChartEditorManager.java,ChartEditorManager.java,81,63,0.7777777777777778,4,0.19444444444444445
java\org\jfree\chart\swing\editor\DefaultAxisEditor.java,DefaultAxisEditor.java,443,222,0.5011286681715575,30,0.016704288939051917
java\org\jfree\chart\swing\editor\DefaultChartEditor.java,DefaultChartEditor.java,233,90,0.38626609442060084,12,0.032188841201716736
java\org\jfree\chart\swing\editor\DefaultChartEditorFactory.java,DefaultChartEditorFactory.java,58,48,0.8275862068965517,3,0.27586206896551724
java\org\jfree\chart\swing\editor\DefaultLogAxisEditor.java,DefaultLogAxisEditor.java,148,66,0.44594594594594594,12,0.037162162162162164
java\org\jfree\chart\swing\editor\DefaultNumberAxisEditor.java,DefaultNumberAxisEditor.java,151,54,0.3576158940397351,11,0.0325105358217941
java\org\jfree\chart\swing\editor\DefaultPlotEditor.java,DefaultPlotEditor.java,561,196,0.3493761140819964,60,0.0058229352346999405
java\org\jfree\chart\swing\editor\DefaultPolarPlotEditor.java,DefaultPolarPlotEditor.java,187,77,0.4117647058823529,13,0.03167420814479638
java\org\jfree\chart\swing\editor\DefaultTitleEditor.java,DefaultTitleEditor.java,253,98,0.38735177865612647,17,0.022785398744478026
java\org\jfree\chart\swing\editor\DefaultValueAxisEditor.java,DefaultValueAxisEditor.java,367,141,0.38419618528610355,27,0.014229488343929762
java\org\jfree\chart\swing\editor\FontChooserPanel.java,FontChooserPanel.java,182,69,0.3791208791208791,15,0.025274725274725275
java\org\jfree\chart\swing\editor\FontDisplayField.java,FontDisplayField.java,86,57,0.6627906976744186,5,0.1325581395348837
java\org\jfree\chart\swing\editor\LCBLayout.java,LCBLayout.java,236,89,0.3771186440677966,18,0.020951035781544256
java\org\jfree\chart\swing\editor\package-info.java,package-info.java,4,3,0.75,0,Infinity
java\org\jfree\chart\swing\editor\PaintSample.java,PaintSample.java,100,57,0.57,6,0.09499999999999999
java\org\jfree\chart\swing\editor\StrokeChooserPanel.java,StrokeChooserPanel.java,83,53,0.6385542168674698,3,0.21285140562248994
java\org\jfree\chart\swing\editor\StrokeSample.java,StrokeSample.java,146,74,0.5068493150684932,9,0.05631659056316591
java\org\jfree\chart\swing\MouseWheelHandler.java,MouseWheelHandler.java,139,75,0.539568345323741,17,0.031739314430808296
java\org\jfree\chart\swing\NumberCellRenderer.java,NumberCellRenderer.java,78,48,0.6153846153846154,5,0.12307692307692308
java\org\jfree\chart\swing\Overlay.java,Overlay.java,78,71,0.9102564102564102,1,0.9102564102564102
java\org\jfree\chart\swing\OverlayChangeEvent.java,OverlayChangeEvent.java,50,44,0.88,2,0.44
java\org\jfree\chart\swing\OverlayChangeListener.java,OverlayChangeListener.java,48,43,0.8958333333333334,1,0.8958333333333334
java\org\jfree\chart\swing\package-info.java,package-info.java,4,3,0.75,0,Infinity
java\org\jfree\chart\swing\PolarChartPanel.java,PolarChartPanel.java,215,99,0.4604651162790698,15,0.030697674418604652
java\org\jfree\chart\swing\SelectionZoomStrategy.java,SelectionZoomStrategy.java,160,136,0.85,1,0.85
java\org\jfree\chart\swing\UIUtils.java,UIUtils.java,181,96,0.5303867403314917,12,0.04419889502762431
java\org\jfree\chart\text\AttributedStringUtils.java,AttributedStringUtils.java,88,45,0.5113636363636364,9,0.056818181818181816
java\org\jfree\chart\text\format\HexNumberFormat.java,HexNumberFormat.java,136,91,0.6691176470588235,12,0.055759803921568624
java\org\jfree\chart\text\format\HMSNumberFormat.java,HMSNumberFormat.java,105,74,0.7047619047619048,5,0.14095238095238097
java\org\jfree\chart\text\format\LogFormat.java,LogFormat.java,222,125,0.5630630630630631,20,0.028153153153153154
java\org\jfree\chart\text\format\package-info.java,package-info.java,4,3,0.75,0,Infinity
java\org\jfree\chart\text\format\RelativeDateFormat.java,RelativeDateFormat.java,501,272,0.5429141716566867,47,0.011551365354397589
java\org\jfree\chart\text\G2TextMeasurer.java,G2TextMeasurer.java,63,45,0.7142857142857143,3,0.2380952380952381
java\org\jfree\chart\text\package-info.java,package-info.java,4,3,0.75,0,Infinity
java\org\jfree\chart\text\TextAnchor.java,TextAnchor.java,145,94,0.6482758620689655,9,0.07203065134099616
java\org\jfree\chart\text\TextBlock.java,TextBlock.java,272,135,0.4963235294117647,25,0.019852941176470587
java\org\jfree\chart\text\TextBlockAnchor.java,TextBlockAnchor.java,55,43,0.7818181818181819,1,0.7818181818181819
java\org\jfree\chart\text\TextBox.java,TextBox.java,378,174,0.4603174603174603,39,0.011803011803011802
java\org\jfree\chart\text\TextFragment.java,TextFragment.java,268,142,0.5298507462686567,27,0.01962410171365395
java\org\jfree\chart\text\TextLine.java,TextLine.java,222,114,0.5135135135135135,20,0.025675675675675674
java\org\jfree\chart\text\TextMeasurer.java,TextMeasurer.java,44,40,0.9090909090909091,1,0.9090909090909091
java\org\jfree\chart\text\TextUtils.java,TextUtils.java,699,307,0.43919885550786836,72,0.006099984104275949
java\org\jfree\chart\title\CompositeTitle.java,CompositeTitle.java,223,126,0.5650224215246636,18,0.03139013452914798
java\org\jfree\chart\title\DateTitle.java,DateTitle.java,154,117,0.7597402597402597,6,0.1266233766233766
java\org\jfree\chart\title\ImageTitle.java,ImageTitle.java,330,154,0.4666666666666667,28,0.016666666666666666
java\org\jfree\chart\title\package-info.java,package-info.java,4,3,0.75,0,Infinity
java\org\jfree\chart\title\ShortTextTitle.java,ShortTextTitle.java,223,104,0.4663677130044843,21,0.022207986333546873
java\org\jfree\chart\title\TextTitle.java,TextTitle.java,800,332,0.415,100,0.00415
java\org\jfree\chart\title\Title.java,Title.java,396,216,0.5454545454545454,48,0.011363636363636362
java\org\jfree\chart\urls\CategoryURLGenerator.java,CategoryURLGenerator.java,73,67,0.9178082191780822,1,0.9178082191780822
java\org\jfree\chart\urls\CustomCategoryURLGenerator.java,CustomCategoryURLGenerator.java,179,91,0.5083798882681564,21,0.024208566108007448
java\org\jfree\chart\urls\CustomPieURLGenerator.java,CustomPieURLGenerator.java,204,109,0.5343137254901961,17,0.03143021914648212
java\org\jfree\chart\urls\CustomXYURLGenerator.java,CustomXYURLGenerator.java,193,104,0.538860103626943,21,0.025660004934616336
java\org\jfree\chart\urls\package-info.java,package-info.java,4,3,0.75,0,Infinity
java\org\jfree\chart\urls\PieURLGenerator.java,PieURLGenerator.java,64,59,0.921875,1,0.921875
java\org\jfree\chart\urls\StandardCategoryURLGenerator.java,StandardCategoryURLGenerator.java,179,94,0.5251396648044693,13,0.04039535883111302
java\org\jfree\chart\urls\StandardPieURLGenerator.java,StandardPieURLGenerator.java,151,82,0.543046357615894,14,0.03878902554399243
java\org\jfree\chart\urls\StandardXYURLGenerator.java,StandardXYURLGenerator.java,140,82,0.5857142857142857,14,0.04183673469387755
java\org\jfree\chart\urls\StandardXYZURLGenerator.java,StandardXYZURLGenerator.java,60,51,0.85,2,0.425
java\org\jfree\chart\urls\TimeSeriesURLGenerator.java,TimeSeriesURLGenerator.java,183,93,0.5081967213114754,18,0.028233151183970857
java\org\jfree\chart\urls\XYURLGenerator.java,XYURLGenerator.java,66,61,0.9242424242424242,1,0.9242424242424242
java\org\jfree\chart\urls\XYZURLGenerator.java,XYZURLGenerator.java,61,56,0.9180327868852459,1,0.9180327868852459
java\org\jfree\chart\util\AttrStringUtils.java,AttrStringUtils.java,299,117,0.391304347826087,22,0.017786561264822136
java\org\jfree\chart\util\DefaultShadowGenerator.java,DefaultShadowGenerator.java,284,126,0.44366197183098594,22,0.020166453265044817
java\org\jfree\chart\util\DirectionalGradientPaintTransformer.java,DirectionalGradientPaintTransformer.java,125,77,0.616,5,0.1232
java\org\jfree\chart\util\ExportUtils.java,ExportUtils.java,211,99,0.46919431279620855,10,0.04691943127962085
java\org\jfree\chart\util\GradientPaintTransformer.java,GradientPaintTransformer.java,47,41,0.8723404255319149,1,0.8723404255319149
java\org\jfree\chart\util\GradientPaintTransformType.java,GradientPaintTransformType.java,40,33,0.825,1,0.825
java\org\jfree\chart\util\package-info.java,package-info.java,4,3,0.75,0,Infinity
java\org\jfree\chart\util\PaintAlpha.java,PaintAlpha.java,355,225,0.6338028169014085,14,0.04527162977867204
java\org\jfree\chart\util\ShadowGenerator.java,ShadowGenerator.java,68,61,0.8970588235294118,1,0.8970588235294118
java\org\jfree\chart\util\StandardGradientPaintTransformer.java,StandardGradientPaintTransformer.java,156,77,0.4935897435897436,16,0.030849358974358976
java\org\jfree\chart\util\StringUtils.java,StringUtils.java,87,62,0.7126436781609196,6,0.11877394636015326
java\org\jfree\data\category\CategoryDataset.java,CategoryDataset.java,65,59,0.9076923076923077,1,0.9076923076923077
java\org\jfree\data\category\CategoryRangeInfo.java,CategoryRangeInfo.java,62,55,0.8870967741935484,1,0.8870967741935484
java\org\jfree\data\category\CategoryToPieDataset.java,CategoryToPieDataset.java,302,147,0.4867549668874172,41,0.011872072363107737
java\org\jfree\data\category\DefaultCategoryDataset.java,DefaultCategoryDataset.java,412,266,0.6456310679611651,34,0.018989149057681325
java\org\jfree\data\category\DefaultIntervalCategoryDataset.java,DefaultIntervalCategoryDataset.java,742,362,0.48787061994609165,77,0.00633598207722197
java\org\jfree\data\category\IntervalCategoryDataset.java,IntervalCategoryDataset.java,87,79,0.9080459770114943,1,0.9080459770114943
java\org\jfree\data\category\SlidingCategoryDataset.java,SlidingCategoryDataset.java,348,197,0.5660919540229885,34,0.01664976335361731
java\org\jfree\data\ComparableObjectItem.java,ComparableObjectItem.java,153,97,0.6339869281045751,10,0.06339869281045751
java\org\jfree\data\ComparableObjectSeries.java,ComparableObjectSeries.java,426,217,0.5093896713615024,43,0.011846271427011683
java\org\jfree\data\DataUtils.java,DataUtils.java,247,122,0.4939271255060729,23,0.021475092413307518
java\org\jfree\data\DefaultKeyedValue.java,DefaultKeyedValue.java,149,93,0.6241610738255033,12,0.05201342281879195
java\org\jfree\data\DefaultKeyedValues.java,DefaultKeyedValues.java,413,211,0.5108958837772397,36,0.014191552327145548
java\org\jfree\data\DefaultKeyedValues2D.java,DefaultKeyedValues2D.java,507,252,0.4970414201183432,53,0.009378140002232891
java\org\jfree\data\DomainInfo.java,DomainInfo.java,74,68,0.918918918918919,1,0.918918918918919
java\org\jfree\data\DomainOrder.java,DomainOrder.java,47,41,0.8723404255319149,1,0.8723404255319149
java\org\jfree\data\flow\DefaultFlowDataset.java,DefaultFlowDataset.java,350,169,0.4828571428571429,35,0.01379591836734694
java\org\jfree\data\flow\FlowDataset.java,FlowDataset.java,123,109,0.8861788617886179,1,0.8861788617886179
java\org\jfree\data\flow\FlowDatasetUtils.java,FlowDatasetUtils.java,194,105,0.5412371134020618,15,0.03608247422680412
java\org\jfree\data\flow\FlowKey.java,FlowKey.java,156,90,0.5769230769230769,16,0.036057692307692304
java\org\jfree\data\flow\NodeKey.java,NodeKey.java,140,84,0.6,14,0.04285714285714286
java\org\jfree\data\flow\package-info.java,package-info.java,4,3,0.75,0,Infinity
java\org\jfree\data\function\Function2D.java,Function2D.java,54,50,0.9259259259259259,1,0.9259259259259259
java\org\jfree\data\function\LineFunction2D.java,LineFunction2D.java,121,79,0.6528925619834711,10,0.0652892561983471
java\org\jfree\data\function\NormalDistributionFunction2D.java,NormalDistributionFunction2D.java,129,79,0.6124031007751938,11,0.05567300916138125
java\org\jfree\data\function\PolynomialFunction2D.java,PolynomialFunction2D.java,117,79,0.6752136752136753,8,0.08440170940170941
java\org\jfree\data\function\PowerFunction2D.java,PowerFunction2D.java,121,79,0.6528925619834711,10,0.0652892561983471
java\org\jfree\data\gantt\GanttCategoryDataset.java,GanttCategoryDataset.java,160,145,0.90625,1,0.90625
java\org\jfree\data\gantt\SlidingGanttCategoryDataset.java,SlidingGanttCategoryDataset.java,617,335,0.5429497568881686,61,0.008900815686691288
java\org\jfree\data\gantt\Task.java,Task.java,229,131,0.5720524017467249,24,0.02383551673944687
java\org\jfree\data\gantt\TaskSeries.java,TaskSeries.java,184,105,0.5706521739130435,18,0.03170289855072464
java\org\jfree\data\gantt\TaskSeriesCollection.java,TaskSeriesCollection.java,633,319,0.5039494470774092,59,0.008541516052159477
java\org\jfree\data\gantt\XYTaskDataset.java,XYTaskDataset.java,445,242,0.5438202247191011,38,0.014311058545239503
java\org\jfree\data\general\AbstractDataset.java,AbstractDataset.java,221,152,0.6877828054298643,19,0.03619909502262444
java\org\jfree\data\general\AbstractSeriesDataset.java,AbstractSeriesDataset.java,100,72,0.72,6,0.12
java\org\jfree\data\general\Dataset.java,Dataset.java,57,52,0.9122807017543859,1,0.9122807017543859
java\org\jfree\data\general\DatasetChangeEvent.java,DatasetChangeEvent.java,80,69,0.8625,3,0.28750000000000003
java\org\jfree\data\general\DatasetChangeListener.java,DatasetChangeListener.java,57,52,0.9122807017543859,1,0.9122807017543859
java\org\jfree\data\general\DatasetUtils.java,DatasetUtils.java,2326,872,0.3748925193465176,255,0.0014701667425353632
java\org\jfree\data\general\DefaultHeatMapDataset.java,DefaultHeatMapDataset.java,307,171,0.5570032573289903,34,0.0163824487449703
java\org\jfree\data\general\DefaultKeyedValueDataset.java,DefaultKeyedValueDataset.java,181,103,0.569060773480663,21,0.02709813207050776
java\org\jfree\data\general\DefaultKeyedValues2DDataset.java,DefaultKeyedValues2DDataset.java,57,49,0.8596491228070176,1,0.8596491228070176
java\org\jfree\data\general\DefaultKeyedValuesDataset.java,DefaultKeyedValuesDataset.java,46,41,0.8913043478260869,1,0.8913043478260869
java\org\jfree\data\general\DefaultPieDataset.java,DefaultPieDataset.java,323,196,0.6068111455108359,29,0.02092452225899434
java\org\jfree\data\general\DefaultValueDataset.java,DefaultValueDataset.java,128,86,0.671875,11,0.061079545454545456
java\org\jfree\data\general\HeatMapDataset.java,HeatMapDataset.java,141,128,0.9078014184397163,1,0.9078014184397163
java\org\jfree\data\general\HeatMapUtils.java,HeatMapUtils.java,119,69,0.5798319327731093,4,0.14495798319327732
java\org\jfree\data\general\KeyedValueDataset.java,KeyedValueDataset.java,47,43,0.9148936170212766,1,0.9148936170212766
java\org\jfree\data\general\KeyedValues2DDataset.java,KeyedValues2DDataset.java,47,43,0.9148936170212766,1,0.9148936170212766
java\org\jfree\data\general\KeyedValuesDataset.java,KeyedValuesDataset.java,43,39,0.9069767441860465,1,0.9069767441860465
java\org\jfree\data\general\PieDataset.java,PieDataset.java,49,44,0.8979591836734694,1,0.8979591836734694
java\org\jfree\data\general\Series.java,Series.java,221,142,0.6425339366515838,27,0.023797553209317916
java\org\jfree\data\general\SeriesChangeEvent.java,SeriesChangeEvent.java,58,49,0.8448275862068966,2,0.4224137931034483
java\org\jfree\data\general\SeriesChangeListener.java,SeriesChangeListener.java,54,49,0.9074074074074074,1,0.9074074074074074
java\org\jfree\data\general\SeriesDataset.java,SeriesDataset.java,78,67,0.8589743589743589,1,0.8589743589743589
java\org\jfree\data\general\SeriesException.java,SeriesException.java,58,50,0.8620689655172413,2,0.43103448275862066
java\org\jfree\data\general\ValueDataset.java,ValueDataset.java,47,43,0.9148936170212766,1,0.9148936170212766
java\org\jfree\data\general\WaferMapDataset.java,WaferMapDataset.java,273,164,0.6007326007326007,28,0.021454735740450027
java\org\jfree\data\io\CSV.java,CSV.java,186,95,0.510752688172043,12,0.04256272401433692
java\org\jfree\data\ItemKey.java,ItemKey.java,47,43,0.9148936170212766,1,0.9148936170212766
java\org\jfree\data\json\impl\JSONArray.java,JSONArray.java,144,72,0.5,14,0.03571428571428571
java\org\jfree\data\json\impl\JSONAware.java,JSONAware.java,41,37,0.9024390243902439,1,0.9024390243902439
java\org\jfree\data\json\impl\JSONObject.java,JSONObject.java,175,90,0.5142857142857142,14,0.03673469387755102
java\org\jfree\data\json\impl\JSONStreamAware.java,JSONStreamAware.java,46,40,0.8695652173913043,1,0.8695652173913043
java\org\jfree\data\json\impl\JSONValue.java,JSONValue.java,314,159,0.5063694267515924,41,0.012350473823209569
java\org\jfree\data\json\impl\package-info.java,package-info.java,4,3,0.75,0,Infinity
java\org\jfree\data\json\JSONUtils.java,JSONUtils.java,187,85,0.45454545454545453,11,0.04132231404958678
java\org\jfree\data\json\package-info.java,package-info.java,4,3,0.75,0,Infinity
java\org\jfree\data\KeyedObject.java,KeyedObject.java,135,79,0.5851851851851851,13,0.04501424501424501
java\org\jfree\data\KeyedObjects.java,KeyedObjects.java,315,166,0.526984126984127,33,0.01596921596921597
java\org\jfree\data\KeyedObjects2D.java,KeyedObjects2D.java,462,218,0.47186147186147187,52,0.009074259074259074
java\org\jfree\data\KeyedValue.java,KeyedValue.java,50,46,0.92,1,0.92
java\org\jfree\data\KeyedValueComparator.java,KeyedValueComparator.java,151,67,0.44370860927152317,19,0.02335308469850122
java\org\jfree\data\KeyedValueComparatorType.java,KeyedValueComparatorType.java,52,47,0.9038461538461539,1,0.9038461538461539
java\org\jfree\data\KeyedValues.java,KeyedValues.java,89,81,0.9101123595505618,1,0.9101123595505618
java\org\jfree\data\KeyedValues2D.java,KeyedValues2D.java,103,91,0.883495145631068,1,0.883495145631068
java\org\jfree\data\KeyedValues2DItemKey.java,KeyedValues2DItemKey.java,141,69,0.48936170212765956,14,0.034954407294832825
java\org\jfree\data\KeyedValuesItemKey.java,KeyedValuesItemKey.java,107,58,0.5420560747663551,10,0.05420560747663551
java\org\jfree\data\KeyToGroupMap.java,KeyToGroupMap.java,287,126,0.43902439024390244,31,0.014162077104642014
java\org\jfree\data\Range.java,Range.java,424,229,0.5400943396226415,54,0.010001747030048917
java\org\jfree\data\RangeInfo.java,RangeInfo.java,70,64,0.9142857142857143,1,0.9142857142857143
java\org\jfree\data\RangeType.java,RangeType.java,53,47,0.8867924528301887,1,0.8867924528301887
java\org\jfree\data\resources\DataPackageResources.java,DataPackageResources.java,62,50,0.8064516129032258,2,0.4032258064516129
java\org\jfree\data\resources\DataPackageResources_de.java,DataPackageResources_de.java,62,50,0.8064516129032258,2,0.4032258064516129
java\org\jfree\data\resources\DataPackageResources_es.java,DataPackageResources_es.java,62,50,0.8064516129032258,2,0.4032258064516129
java\org\jfree\data\resources\DataPackageResources_fr.java,DataPackageResources_fr.java,61,49,0.8032786885245902,2,0.4016393442622951
java\org\jfree\data\resources\DataPackageResources_pl.java,DataPackageResources_pl.java,63,51,0.8095238095238095,2,0.40476190476190477
java\org\jfree\data\resources\DataPackageResources_ru.java,DataPackageResources_ru.java,59,47,0.7966101694915254,2,0.3983050847457627
java\org\jfree\data\statistics\BoxAndWhiskerCalculator.java,BoxAndWhiskerCalculator.java,199,89,0.4472361809045226,18,0.0248464544946957
java\org\jfree\data\statistics\BoxAndWhiskerCategoryDataset.java,BoxAndWhiskerCategoryDataset.java,218,194,0.8899082568807339,1,0.8899082568807339
java\org\jfree\data\statistics\BoxAndWhiskerItem.java,BoxAndWhiskerItem.java,263,138,0.5247148288973384,28,0.018739815317762087
java\org\jfree\data\statistics\BoxAndWhiskerXYDataset.java,BoxAndWhiskerXYDataset.java,165,148,0.896969696969697,1,0.896969696969697
java\org\jfree\data\statistics\DefaultBoxAndWhiskerCategoryDataset.java,DefaultBoxAndWhiskerCategoryDataset.java,869,457,0.525891829689298,81,0.006492491724559235
java\org\jfree\data\statistics\DefaultBoxAndWhiskerXYDataset.java,DefaultBoxAndWhiskerXYDataset.java,523,284,0.5430210325047801,50,0.010860420650095601
java\org\jfree\data\statistics\DefaultMultiValueCategoryDataset.java,DefaultMultiValueCategoryDataset.java,380,184,0.4842105263157895,40,0.012105263157894737
java\org\jfree\data\statistics\DefaultStatisticalCategoryDataset.java,DefaultStatisticalCategoryDataset.java,684,321,0.4692982456140351,64,0.0073327850877192985
java\org\jfree\data\statistics\HistogramBin.java,HistogramBin.java,156,94,0.6025641025641025,14,0.04304029304029304
java\org\jfree\data\statistics\HistogramDataset.java,HistogramDataset.java,465,253,0.5440860215053763,34,0.016002530044275775
java\org\jfree\data\statistics\HistogramType.java,HistogramType.java,52,46,0.8846153846153846,1,0.8846153846153846
java\org\jfree\data\statistics\MeanAndStandardDeviation.java,MeanAndStandardDeviation.java,164,99,0.6036585365853658,16,0.037728658536585365
java\org\jfree\data\statistics\MultiValueCategoryDataset.java,MultiValueCategoryDataset.java,66,58,0.8787878787878788,1,0.8787878787878788
java\org\jfree\data\statistics\Regression.java,Regression.java,330,107,0.3242424242424242,17,0.019073083778966132
java\org\jfree\data\statistics\SimpleHistogramBin.java,SimpleHistogramBin.java,259,129,0.4980694980694981,34,0.014649102884397002
java\org\jfree\data\statistics\SimpleHistogramDataset.java,SimpleHistogramDataset.java,452,264,0.584070796460177,46,0.012697191227395153
java\org\jfree\data\statistics\StatisticalCategoryDataset.java,StatisticalCategoryDataset.java,80,71,0.8875,1,0.8875
java\org\jfree\data\statistics\Statistics.java,Statistics.java,420,186,0.44285714285714284,40,0.01107142857142857
java\org\jfree\data\time\DateRange.java,DateRange.java,147,103,0.7006802721088435,10,0.07006802721088436
java\org\jfree\data\time\Day.java,Day.java,435,248,0.5701149425287356,33,0.017276210379658655
java\org\jfree\data\time\DynamicTimeSeriesCollection.java,DynamicTimeSeriesCollection.java,860,469,0.5453488372093023,93,0.005863965991497874
java\org\jfree\data\time\FixedMillisecond.java,FixedMillisecond.java,260,149,0.573076923076923,29,0.019761273209549072
java\org\jfree\data\time\Hour.java,Hour.java,443,248,0.5598194130925508,43,0.013019056118431413
java\org\jfree\data\time\Millisecond.java,Millisecond.java,412,218,0.529126213592233,39,0.013567338810057256
java\org\jfree\data\time\Minute.java,Minute.java,448,242,0.5401785714285714,41,0.013175087108013937
java\org\jfree\data\time\Month.java,Month.java,495,256,0.5171717171717172,50,0.010343434343434344
java\org\jfree\data\time\MovingAverage.java,MovingAverage.java,296,131,0.44256756756756754,31,0.014276373147340888
java\org\jfree\data\time\ohlc\OHLC.java,OHLC.java,144,85,0.5902777777777778,14,0.042162698412698416
java\org\jfree\data\time\ohlc\OHLCItem.java,OHLCItem.java,129,78,0.6046511627906976,12,0.050387596899224806
java\org\jfree\data\time\ohlc\OHLCSeries.java,OHLCSeries.java,127,89,0.7007874015748031,9,0.0778652668416448
java\org\jfree\data\time\ohlc\OHLCSeriesCollection.java,OHLCSeriesCollection.java,454,268,0.5903083700440529,40,0.014757709251101323
java\org\jfree\data\time\Quarter.java,Quarter.java,440,242,0.55,42,0.013095238095238096
java\org\jfree\data\time\RegularTimePeriod.java,RegularTimePeriod.java,361,251,0.6952908587257618,31,0.02242873737825038
java\org\jfree\data\time\Second.java,Second.java,420,224,0.5333333333333333,43,0.012403100775193798
java\org\jfree\data\time\SimpleTimePeriod.java,SimpleTimePeriod.java,201,110,0.5472636815920398,21,0.026060175313906656
java\org\jfree\data\time\TimePeriod.java,TimePeriod.java,57,51,0.8947368421052632,1,0.8947368421052632
java\org\jfree\data\time\TimePeriodAnchor.java,TimePeriodAnchor.java,48,42,0.875,1,0.875
java\org\jfree\data\time\TimePeriodFormatException.java,TimePeriodFormatException.java,49,43,0.8775510204081632,2,0.4387755102040816
java\org\jfree\data\time\TimePeriodValue.java,TimePeriodValue.java,168,103,0.6130952380952381,14,0.04379251700680272
java\org\jfree\data\time\TimePeriodValues.java,TimePeriodValues.java,425,204,0.48,39,0.012307692307692308
java\org\jfree\data\time\TimePeriodValuesCollection.java,TimePeriodValuesCollection.java,411,204,0.49635036496350365,40,0.012408759124087591
java\org\jfree\data\time\TimeSeries.java,TimeSeries.java,1172,574,0.48976109215017066,144,0.003401118695487296
java\org\jfree\data\time\TimeSeriesCollection.java,TimeSeriesCollection.java,663,340,0.5128205128205128,66,0.007770007770007769
java\org\jfree\data\time\TimeSeriesDataItem.java,TimeSeriesDataItem.java,190,125,0.6578947368421053,14,0.04699248120300752
java\org\jfree\data\time\TimeSeriesTableModel.java,TimeSeriesTableModel.java,240,113,0.4708333333333333,27,0.01743827160493827
java\org\jfree\data\time\TimeTableXYDataset.java,TimeTableXYDataset.java,561,331,0.5900178253119429,56,0.010536032594856123
java\org\jfree\data\time\Week.java,Week.java,595,293,0.492436974789916,56,0.008793517406962785
java\org\jfree\data\time\Year.java,Year.java,368,227,0.6168478260869565,31,0.019898316970546986
java\org\jfree\data\UnknownKeyException.java,UnknownKeyException.java,53,47,0.8867924528301887,2,0.44339622641509435
java\org\jfree\data\Value.java,Value.java,52,48,0.9230769230769231,1,0.9230769230769231
java\org\jfree\data\Values.java,Values.java,59,54,0.9152542372881356,1,0.9152542372881356
java\org\jfree\data\Values2D.java,Values2D.java,69,63,0.9130434782608695,1,0.9130434782608695
java\org\jfree\data\xml\CategoryDatasetHandler.java,CategoryDatasetHandler.java,121,73,0.6033057851239669,10,0.06033057851239669
java\org\jfree\data\xml\CategorySeriesHandler.java,CategorySeriesHandler.java,134,78,0.582089552238806,9,0.06467661691542288
java\org\jfree\data\xml\DatasetReader.java,DatasetReader.java,161,89,0.5527950310559007,8,0.06909937888198758
java\org\jfree\data\xml\DatasetTags.java,DatasetTags.java,57,48,0.8421052631578947,1,0.8421052631578947
java\org\jfree\data\xml\ItemHandler.java,ItemHandler.java,151,89,0.5894039735099338,12,0.04911699779249448
java\org\jfree\data\xml\KeyHandler.java,KeyHandler.java,141,88,0.624113475177305,8,0.07801418439716312
java\org\jfree\data\xml\PieDatasetHandler.java,PieDatasetHandler.java,121,76,0.628099173553719,10,0.0628099173553719
java\org\jfree\data\xml\RootHandler.java,RootHandler.java,114,75,0.6578947368421053,11,0.059808612440191394
java\org\jfree\data\xml\ValueHandler.java,ValueHandler.java,147,87,0.5918367346938775,9,0.06575963718820861
java\org\jfree\data\xy\AbstractIntervalXYDataset.java,AbstractIntervalXYDataset.java,116,75,0.646551724137931,9,0.07183908045977011
java\org\jfree\data\xy\AbstractXYDataset.java,AbstractXYDataset.java,90,62,0.6888888888888889,6,0.11481481481481481
java\org\jfree\data\xy\AbstractXYZDataset.java,AbstractXYZDataset.java,60,47,0.7833333333333333,3,0.2611111111111111
java\org\jfree\data\xy\CategoryTableXYDataset.java,CategoryTableXYDataset.java,383,241,0.6292428198433421,36,0.017478967217870612
java\org\jfree\data\xy\DefaultHighLowDataset.java,DefaultHighLowDataset.java,398,243,0.6105527638190955,34,0.017957434229973396
java\org\jfree\data\xy\DefaultIntervalXYDataset.java,DefaultIntervalXYDataset.java,525,330,0.6285714285714286,34,0.018487394957983194
java\org\jfree\data\xy\DefaultOHLCDataset.java,DefaultOHLCDataset.java,320,192,0.6,30,0.02
java\org\jfree\data\xy\DefaultTableXYDataset.java,DefaultTableXYDataset.java,582,289,0.4965635738831615,56,0.008867206676485027
java\org\jfree\data\xy\DefaultWindDataset.java,DefaultWindDataset.java,394,208,0.5279187817258884,38,0.013892599519102326
java\org\jfree\data\xy\DefaultXYDataset.java,DefaultXYDataset.java,359,213,0.5933147632311978,30,0.01977715877437326
java\org\jfree\data\xy\DefaultXYZDataset.java,DefaultXYZDataset.java,402,246,0.6119402985074627,30,0.020398009950248756
java\org\jfree\data\xy\IntervalXYDataset.java,IntervalXYDataset.java,137,126,0.9197080291970803,1,0.9197080291970803
java\org\jfree\data\xy\IntervalXYDelegate.java,IntervalXYDelegate.java,436,256,0.5871559633027523,39,0.015055281110326982
java\org\jfree\data\xy\IntervalXYZDataset.java,IntervalXYZDataset.java,97,87,0.8969072164948454,1,0.8969072164948454
java\org\jfree\data\xy\MatrixSeries.java,MatrixSeries.java,200,125,0.625,17,0.03676470588235294
java\org\jfree\data\xy\MatrixSeriesCollection.java,MatrixSeriesCollection.java,272,164,0.6029411764705882,23,0.026214833759590793
java\org\jfree\data\xy\NormalizedMatrixSeries.java,NormalizedMatrixSeries.java,131,96,0.732824427480916,8,0.0916030534351145
java\org\jfree\data\xy\OHLCDataItem.java,OHLCDataItem.java,182,105,0.5769230769230769,18,0.03205128205128205
java\org\jfree\data\xy\OHLCDataset.java,OHLCDataset.java,149,136,0.912751677852349,1,0.912751677852349
java\org\jfree\data\xy\TableXYDataset.java,TableXYDataset.java,57,53,0.9298245614035088,1,0.9298245614035088
java\org\jfree\data\xy\Vector.java,Vector.java,135,87,0.6444444444444445,12,0.053703703703703705
java\org\jfree\data\xy\VectorDataItem.java,VectorDataItem.java,117,81,0.6923076923076923,9,0.07692307692307693
java\org\jfree\data\xy\VectorSeries.java,VectorSeries.java,162,118,0.7283950617283951,14,0.052028218694885366
java\org\jfree\data\xy\VectorSeriesCollection.java,VectorSeriesCollection.java,303,188,0.6204620462046204,23,0.026976610704548713
java\org\jfree\data\xy\VectorXYDataset.java,VectorXYDataset.java,73,67,0.9178082191780822,1,0.9178082191780822
java\org\jfree\data\xy\WindDataset.java,WindDataset.java,67,62,0.9253731343283582,1,0.9253731343283582
java\org\jfree\data\xy\XIntervalDataItem.java,XIntervalDataItem.java,104,70,0.6730769230769231,9,0.0747863247863248
java\org\jfree\data\xy\XIntervalSeries.java,XIntervalSeries.java,162,122,0.7530864197530864,12,0.06275720164609054
java\org\jfree\data\xy\XIntervalSeriesCollection.java,XIntervalSeriesCollection.java,360,220,0.6111111111111112,24,0.025462962962962965
java\org\jfree\data\xy\XisSymbolic.java,XisSymbolic.java,72,66,0.9166666666666666,1,0.9166666666666666
java\org\jfree\data\xy\XYBarDataset.java,XYBarDataset.java,355,230,0.647887323943662,32,0.020246478873239437
java\org\jfree\data\xy\XYCoordinate.java,XYCoordinate.java,155,84,0.5419354838709678,18,0.030107526881720432
java\org\jfree\data\xy\XYDataItem.java,XYDataItem.java,222,130,0.5855855855855856,21,0.027885027885027884
java\org\jfree\data\xy\XYDataset.java,XYDataset.java,108,97,0.8981481481481481,1,0.8981481481481481
java\org\jfree\data\xy\XYDatasetTableModel.java,XYDatasetTableModel.java,241,168,0.6970954356846473,19,0.0366892334570867
java\org\jfree\data\xy\XYDomainInfo.java,XYDomainInfo.java,55,49,0.8909090909090909,1,0.8909090909090909
java\org\jfree\data\xy\XYInterval.java,XYInterval.java,143,85,0.5944055944055944,15,0.039627039627039624
java\org\jfree\data\xy\XYIntervalDataItem.java,XYIntervalDataItem.java,134,78,0.582089552238806,13,0.04477611940298508
java\org\jfree\data\xy\XYIntervalSeries.java,XYIntervalSeries.java,189,140,0.7407407407407407,14,0.05291005291005291
java\org\jfree\data\xy\XYIntervalSeriesCollection.java,XYIntervalSeriesCollection.java,357,225,0.6302521008403361,27,0.02334267040149393
java\org\jfree\data\xy\XYItemKey.java,XYItemKey.java,138,68,0.4927536231884058,15,0.03285024154589372
java\org\jfree\data\xy\XYRangeInfo.java,XYRangeInfo.java,56,50,0.8928571428571429,1,0.8928571428571429
java\org\jfree\data\xy\XYSeries.java,XYSeries.java,892,467,0.523542600896861,102,0.0051327705970280494
java\org\jfree\data\xy\XYSeriesCollection.java,XYSeriesCollection.java,708,338,0.4774011299435028,72,0.006630571249215317
java\org\jfree\data\xy\XYZDataset.java,XYZDataset.java,60,55,0.9166666666666666,1,0.9166666666666666
java\org\jfree\data\xy\YInterval.java,YInterval.java,112,71,0.6339285714285714,11,0.05762987012987013
java\org\jfree\data\xy\YIntervalDataItem.java,YIntervalDataItem.java,103,66,0.6407766990291263,9,0.07119741100323625
java\org\jfree\data\xy\YIntervalSeries.java,YIntervalSeries.java,163,124,0.7607361963190185,12,0.06339468302658487
java\org\jfree\data\xy\YIntervalSeriesCollection.java,YIntervalSeriesCollection.java,321,199,0.6199376947040498,24,0.02583073727933541
java\org\jfree\data\xy\YisSymbolic.java,YisSymbolic.java,73,67,0.9178082191780822,1,0.9178082191780822
java\org\jfree\data\xy\YWithXInterval.java,YWithXInterval.java,116,75,0.646551724137931,11,0.05877742946708464
